Num.,Name,PTS,OREB,DREB,TOTAL REB,BLK,FOUL,AST,TOV,STL,2FG MADE,2FG ATT,2FG %,3FG MADE,3FG ATT,3FG %,TFG MADE,TFG ATT,TFG %,FT MADE,FT ATT,FT %,G-SCORE,O-REB ALLOW,TAP-OUT,HUSTLE PLAYS,VERSUS,FINAL,DATE
0,Tre Clemons,9,1,0,1,0,3,0,4,3,4,5,80.0%,0,0,,4,5,80.0%,1,4,25.0%,4.4,N/A,6/6,3,Claflin,,10/28/2023
1,Anthony Franchi,2,2,5,7,0,0,1,2,1,1,3,33.3%,0,2,0.0%,1,5,20.0%,0,0,,1.5,N/A,5/8,1,Claflin,,10/28/2023
2,Drew Moore,1,1,0,1,0,1,0,1,0,0,3,0.0%,0,1,0.0%,0,4,0.0%,1,2,50.0%,-2.9,N/A,,0,Claflin,,10/28/2023
3,Trian Barnes,0,0,0,0,0,0,0,0,0,0,0,,0,0,,0,0,,0,0,,0,N/A,,0,Claflin,,10/28/2023
4,JJ Sciba,9,1,1,2,0,1,2,3,1,1,1,100.0%,2,4,50.0%,3,5,60.0%,1,4,25.0%,5.5,N/A,3/5,2,Claflin,,10/28/2023
5,Jourdan Watkins,13,1,8,9,1,0,2,4,3,5,7,71.4%,0,3,0.0%,5,10,50.0%,3,4,75.0%,11.8,N/A,3/7,0,Claflin,,10/28/2023
7,Trevor Kelly,9,0,3,3,0,0,0,1,0,0,0,,2,4,50.0%,2,4,50.0%,3,4,75.0%,6.5,N/A,0/2,1,Claflin,,10/28/2023
8,Sos Igbnigie,9,1,2,3,0,1,1,4,1,1,1,100.0%,2,4,50.0%,3,5,60.0%,1,1,100.0%,5.3,N/A,4/6,1,Claflin,,10/28/2023
11,Tyler Druskis,0,0,0,0,0,0,0,0,0,0,0,,0,0,,0,0,,0,0,,0,N/A,,0,Claflin,,10/28/2023
12,Tevin Jessup,0,0,1,1,0,0,1,1,1,0,2,0.0%,0,0,,0,2,0.0%,0,0,,-0.4,N/A,2/4,0,Claflin,,10/28/2023
13,Zach Friday,0,1,1,2,0,0,3,2,0,0,2,0.0%,0,1,0.0%,0,3,0.0%,0,0,,-1,N/A,3/4,2,Claflin,,10/28/2023
20,Caleb Tillis,2,0,1,1,0,1,2,3,0,1,2,50.0%,0,0,,1,2,50.0%,0,0,,-0.7,N/A,4/4,2,Claflin,,10/28/2023
21,Meelad Doroodchi,0,1,1,2,0,1,0,0,0,0,0,,0,0,,0,0,,0,0,,0.6,N/A,2/4,0,Claflin,,10/28/2023
33,Cole Strand,0,0,0,0,0,0,0,0,0,0,0,,0,0,,0,0,,0,0,,0,N/A,,0,Claflin,,10/28/2023
34,Max Reid,0,0,0,0,0,0,0,0,0,0,0,,0,0,,0,0,,0,0,,0,N/A,,0,Claflin,,10/28/2023
35,CHARLOTTE,54,9,23,32,1,8,12,25,10,13,26,50.0%,6,19,31.6%,19,45,42.2%,10,19,52.6%,N/A,N/A,32/50 = 64%,12,Claflin,N/A,10/28/2023
36,Opponent,N/A,N/A,N/A,N/A,N/A,N/A,N/A,N/A,N/A,N/A,N/A,N/A,N/A,N/A,N/A,N/A,N/A,N/A,N/A,N/A,N/A,N/A,N/A,N/A,N/A,Claflin,N/A,10/28/2023
Num.,Name,PTS,OREB,DREB,TOTAL REB,BLK,FOUL,AST,TOV,STL,2FG MADE,2FG ATT,2FG %,3FG MADE,3FG ATT,3FG %,TFG MADE,TFG ATT,TFG %,FT MADE,FT ATT,FT %,G-SCORE,O-REB ALLOW,TAP-OUT,HUSTLE PLAYS,VERSUS,FINAL,DATE
0,Tre Clemons,2,1,4,5,0,3,2,2,0,1,5,20.0%,0,1,0.0%,1,6,16.7%,0,2,0.0%,-2.5,1,8/11,1,Davidson,,11/4/2023
1,Anthony Franchi,2,1,2,3,0,0,1,0,0,0,1,0.0%,0,3,0.0%,0,4,0.0%,2,2,100.0%,1.2,1,7/9,1,Davidson,,11/4/2023
2,Drew Moore,3,0,2,2,1,1,1,2,0,0,1,0.0%,1,3,33.3%,1,4,25.0%,0,0,,0.2,1,6/6,0,Davidson,,11/4/2023
3,Trian Barnes,0,0,0,0,0,0,0,0,0,0,0,,0,0,,0,0,,0,0,,0,0,0,0,Davidson,,11/4/2023
4,JJ Sciba,12,1,1,2,0,2,0,1,1,1,3,33.3%,3,10,30.0%,4,13,30.8%,1,4,25.0%,3.5,1,7/8,2,Davidson,,11/4/2023
5,Jourdan Watkins,14,1,3,4,0,0,0,1,2,6,8,75.0%,0,2,0.0%,6,10,60.0%,2,6,33.3%,10.4,1,2/6,1,Davidson,,11/4/2023
7,Trevor Kelly,3,0,2,2,1,2,0,0,0,0,0,,1,4,25.0%,1,4,25.0%,0,0,,1.1,5,3/4,0,Davidson,,11/4/2023
8,Sos Igbnigie,0,1,3,4,1,3,0,4,0,0,2,0.0%,0,0,,0,2,0.0%,0,0,,-4.3,0,4/6,0,Davidson,,11/4/2023
11,Tyler Druskis,0,0,1,1,0,0,0,0,0,0,0,,0,1,0.0%,0,1,0.0%,0,1,0.0%,-0.8,1,2/2,0,Davidson,,11/4/2023
12,Tevin Jessup,0,0,0,0,0,0,0,0,0,0,0,,0,0,,0,0,,0,0,,0,0,0,0,Davidson,,11/4/2023
13,Zach Friday,2,0,1,1,0,0,1,1,0,1,2,50.0%,0,2,0.0%,1,4,25.0%,0,0,,-0.4,0,1/1,0,Davidson,,11/4/2023
20,Caleb Tillis,0,0,0,0,0,0,1,0,1,0,0,,0,0,,0,0,,0,0,,1.7,1,8/9,0,Davidson,,11/4/2023
21,Meelad Doroodchi,2,2,5,7,0,1,0,1,0,1,3,33.3%,0,0,,1,3,33.3%,0,0,,1.8,2,4/9,0,Davidson,,11/4/2023
33,Cole Strand,0,0,1,1,0,0,0,0,0,0,0,,0,0,,0,0,,0,0,,0.3,0,0,0,Davidson,,11/4/2023
34,Max Reid,3,1,1,2,0,1,0,0,0,0,1,0.0%,1,1,100.0%,1,2,50.0%,0,0,,2.6,0,2/2,0,Davidson,,11/4/2023
35,CHARLOTTE,43,10,28,38,3,13,6,12,4,10,26,38.5%,6,27,22.2%,16,53,30.2%,5,15,33.3%,0,16,55/76 = 72%,5,Davidson,43,11/4/2023
36,Opponent,71,11,34,45,2,15,9,9,6,14,29,48.3%,11,34,32.4%,25,63,39.7%,10,13,76.9%,N/A,N/A,N/A,N/A,Davidson,71,11/4/2023
Num.,Name,PTS,OREB,DREB,TOTAL REB,BLK,FOUL,AST,TOV,STL,2FG MADE,2FG ATT,2FG %,3FG MADE,3FG ATT,3FG %,TFG MADE,TFG ATT,TFG %,FT MADE,FT ATT,FT %,G-SCORE,O-REB ALLOW,TAP-OUT,HUSTLE PLAYS,VERSUS,FINAL,DATE
0,Tre Clemons,8,0,0,0,0,1,0,1,0,3,3,100.0%,0,1,0.0%,3,4,75.0%,2,3,66.7%,4.6,2,5/6,0,Davidson,,11/6/2023
1,Anthony Franchi,4,2,5,7,0,1,2,1,0,1,2,50.0%,0,0,,1,2,50.0%,2,4,50.0%,5.1,2,9/9,1,Davidson,,11/6/2023
2,Drew Moore,5,0,1,1,0,3,2,1,1,1,2,50.0%,1,1,100.0%,2,3,66.7%,0,0,,4.2,1,2/2,0,Davidson,,11/6/2023
3,Trian Barnes,0,0,0,0,0,0,0,0,0,0,0,,0,0,,0,0,,0,0,,0,0,0,0,Davidson,,11/6/2023
4,JJ Sciba,6,1,1,2,0,2,4,2,0,0,1,0.0%,2,2,100.0%,2,3,66.7%,0,0,,5.7,0,2/3,1,Davidson,,11/6/2023
5,Jourdan Watkins,14,2,4,6,2,3,1,1,2,6,9,66.7%,0,0,,6,9,66.7%,2,2,100.0%,14.6,2,7/7,1,Davidson,,11/6/2023
7,Trevor Kelly,9,0,2,2,2,1,1,1,0,0,1,0.0%,3,7,42.9%,3,8,37.5%,0,0,,5.9,0,6/7,1,Davidson,,11/6/2023
8,Sos Igbnigie,15,0,2,2,0,3,0,1,2,3,5,60.0%,2,6,33.3%,5,11,45.5%,3,5,60.0%,8.9,3,3/5,1,Davidson,,11/6/2023
11,Tyler Druskis,3,0,0,0,0,0,0,0,0,0,0,,1,2,50.0%,1,2,50.0%,0,0,,2,0,0,0,Davidson,,11/6/2023
12,Tevin Jessup,10,1,3,4,0,2,0,2,0,4,5,80.0%,0,0,,4,5,80.0%,2,4,50.0%,6.1,2,3/5,0,Davidson,,11/6/2023
13,Zach Friday,5,0,2,2,0,2,2,0,0,1,2,50.0%,1,2,50.0%,2,4,50.0%,0,3,0.0%,3,1,2/3,0,Davidson,,11/6/2023
20,Caleb Tillis,2,0,4,4,0,1,0,1,0,1,1,100.0%,0,0,,1,1,100.0%,0,0,,1.5,1,6/6,0,Davidson,,11/6/2023
21,Meelad Doroodchi,7,1,2,3,0,1,4,0,0,2,5,40.0%,0,0,,2,5,40.0%,3,4,75.0%,7.6,3,4/9,3,Davidson,,11/6/2023
33,Cole Strand,0,0,0,0,0,0,0,0,0,0,0,,0,0,,0,0,,0,0,,0,0,0,0,Davidson,,11/6/2023
34,Max Reid,0,0,0,0,0,0,0,0,0,0,0,,0,0,,0,0,,0,0,,0,0,0,0,Davidson,,11/6/2023
35,CHARLOTTE,90,7,29,36,4,17,16,11,5,23,37,62.2%,10,21,47.6%,32,57,56.1%,14,25,56.0%,N/A,15,49/62 = 79%,8,Davidson,90,11/6/2023
36,Opponent,83,15,24,39,1,20,10,10,5,20,33,60.6%,7,40,17.5%,27,73,37.0%,22,28,78.6%,N/A,N/A,N/A,N/A,Davidson,83,11/6/2023
Num.,Name,PTS,OREB,DREB,TOTAL REB,BLK,FOUL,AST,TOV,STL,2FG MADE,2FG ATT,2FG %,3FG MADE,3FG ATT,3FG %,TFG MADE,TFG ATT,TFG %,FT MADE,FT ATT,FT %,G-SCORE,O-REB ALLOW,TAP-OUT,HUSTLE PLAYS,VERSUS,FINAL,DATE
0,Tre Clemons,11,1,3,4,1,0,1,3,0,5,5,100.0%,0,1,0.0%,5,6,83.3%,1,3,33.3%,8,0,6/6,0,Furman,,11/12/2023
1,Anthony Franchi,10,1,7,8,0,1,5,2,2,1,2,50.0%,2,3,66.7%,3,5,60.0%,2,2,100.0%,13.6,0,7/8,0,Furman,,11/12/2023
2,Drew Moore,2,0,3,3,0,0,2,0,1,1,2,50.0%,0,1,0.0%,1,3,33.3%,0,1,0.0%,3.2,0,1/2,0,Furman,,11/12/2023
3,Trian Barnes,0,0,0,0,0,0,0,0,0,0,0,,0,0,,0,0,,0,0,,0,0,0,0,Furman,,11/12/2023
4,JJ Sciba,10,1,3,4,0,0,2,3,1,2,3,66.7%,2,4,50.0%,4,7,57.1%,0,0,,7.7,0,5/6,2,Furman,,11/12/2023
5,Jourdan Watkins,21,6,5,11,0,1,3,1,1,7,12,58.3%,1,2,50.0%,8,14,57.1%,4,6,66.7%,21,0,6/9,1,Furman,,11/12/2023
7,Trevor Kelly,12,0,3,3,0,3,0,0,1,0,1,0.0%,4,6,66.7%,4,7,57.1%,0,0,,9.4,0,7/9,0,Furman,,11/12/2023
8,Sos Igbnigie,8,0,4,4,1,1,2,1,1,1,3,33.3%,2,3,66.7%,3,6,50.0%,0,0,,7.9,0,5/5,0,Furman,,11/12/2023
11,Tyler Druskis,0,1,0,1,0,1,1,0,0,0,0,,0,0,,0,0,,0,0,,1,0,0,0,Furman,,11/12/2023
12,Tevin Jessup,2,0,1,1,1,2,0,0,0,1,2,50.0%,0,1,0.0%,1,3,33.3%,0,0,,0.5,0,2/2,0,Furman,,11/12/2023
13,Zach Friday,2,0,1,1,0,2,0,1,0,1,4,25.0%,0,0,,1,4,25.0%,0,0,,-1.9,0,4/5,0,Furman,,11/12/2023
20,Caleb Tillis,4,3,2,5,0,0,2,1,1,2,5,40.0%,0,0,,2,5,40.0%,0,0,,5.4,0,6/7,1,Furman,,11/12/2023
21,Meelad Doroodchi,0,0,0,0,0,0,0,0,0,0,0,,0,0,,0,0,,0,0,,0,0,0,0,Furman,,11/12/2023
30,Cole Strand,3,0,0,0,0,0,0,0,0,1,1,100.0%,0,1,0.0%,1,2,50.0%,1,2,50.0%,1.6,0,0,0,Furman,,11/12/2023
34,Max Reid,2,0,0,0,0,0,0,0,0,1,1,100.0%,0,0,,1,1,100.0%,0,0,,1.7,0,0,0,Furman,,11/12/2023
35,CHARLOTTE,87,14,32,46,3,11,18,12,8,23,41,56.1%,11,22,50.0%,34,63,54.0%,8,14,57.1%,0,0,49/59 = 83%,4,Furman,87,11/12/2023
36,Opponent,71,14,19,33,7,12,13,8,7,11,34,32.4%,13,27,48.1%,24,61,39.3%,10,17,58.8%,0,0,0,0,Furman,71,11/12/2023
Num.,Name,PTS,OREB,DREB,TOTAL REB,BLK,FOUL,AST,TOV,STL,2FG MADE,2FG ATT,2FG %,3FG MADE,3FG ATT,3FG %,TFG MADE,TFG ATT,TFG %,FT MADE,FT ATT,FT %,G-SCORE,O-REB ALLOW,TAP-OUT,HUSTLE PLAYS,VERSUS,FINAL,DATE
0,Tre Clemons,5,1,4,5,0,1,1,0,0,1,6,16.7%,1,1,100.0%,2,7,28.6%,0,0,,3.1,0,2/2,1,Furman,,11/12/2023
1,Anthony Franchi,6,0,9,9,0,0,2,3,4,3,4,75.0%,0,2,0.0%,3,6,50.0%,0,0,,8.1,0,5/7,1,Furman,,11/12/2023
2,Drew Moore,0,0,1,1,0,0,0,1,0,0,2,0.0%,0,0,,0,2,0.0%,0,0,,-2.1,0,1/1,0,Furman,,11/12/2023
3,Trian Barnes,0,0,0,0,0,0,0,0,0,0,0,,0,0,,0,0,,0,0,,0,0,,0,Furman,,11/12/2023
4,JJ Sciba,6,0,0,0,0,0,4,4,1,0,1,0.0%,2,4,50.0%,2,5,40.0%,0,0,,3.1,0,5/5,0,Furman,,11/12/2023
5,Jourdan Watkins,6,1,3,4,1,1,1,3,1,2,5,40.0%,0,1,0.0%,2,6,33.3%,2,2,100.0%,3.2,0,2/3,1,Furman,,11/12/2023
7,Trevor Kelly,26,1,2,3,1,0,2,3,0,1,1,100.0%,8,11,72.7%,9,12,75.0%,0,0,,21.6,0,3/4,0,Furman,,11/12/2023
8,Sos Igbnigie,5,0,4,4,0,1,6,3,1,1,4,25.0%,1,3,33.3%,2,7,28.6%,0,0,,3.9,0, ,0,Furman,,11/12/2023
11,Tyler Druskis,2,2,0,2,0,2,0,0,2,1,2,50.0%,0,2,0.0%,1,4,25.0%,0,0,,2.2,0,5/5,0,Furman,,11/12/2023
12,Tevin Jessup,13,3,6,9,1,2,1,0,1,5,5,100.0%,1,1,100.0%,6,6,100.0%,0,2,0.0%,15.9,0,6/7,0,Furman,,11/12/2023
13,Zach Friday,7,1,3,4,0,2,0,0,1,2,4,50.0%,0,1,0.0%,2,5,40.0%,3,4,75.0%,5.7,0,1/1,0,Furman,,11/12/2023
20,Caleb Tillis,2,0,0,0,0,0,0,1,0,0,4,0.0%,0,0,,0,4,0.0%,2,2,100.0%,-1.8,0,4/4,0,Furman,,11/12/2023
21,Meelad Doroodchi,0,0,0,0,0,0,0,0,0,0,0,,0,0,,0,0,,0,0,,0,0,,0,Furman,,11/12/2023
30,Cole Strand,2,0,1,1,0,0,1,0,0,1,1,100.0%,0,2,0.0%,1,3,33.3%,0,0,,1.3,0,2/2,0,Furman,,11/12/2023
34,Max Reid,7,3,1,4,1,1,0,0,2,3,5,60.0%,0,0,,3,5,60.0%,1,1,100.0%,9.4,0,1/1,0,Furman,,11/12/2023
35,CHARLOTTE,87,16,35,51,4,10,18,18,13,20,44,45.5%,13,28,46.4%,33,72,45.8%,8,11,72.7%,0,0,37/42 = 88%,3,Furman,87,11/12/2023
36,Opponent,67,10,24,34,8,10,8,17,10,19,37,51.40%,9,36,25.00%,28,73,38.40%,2,3,66.70%,0,0,0,0,Furman,67,11/12/2023
Num.,Name,PTS,OREB,DREB,TOTAL REB,BLK,FOUL,AST,TOV,STL,2FG MADE,2FG ATT,2FG %,3FG MADE,3FG ATT,3FG %,TFG MADE,TFG ATT,TFG %,FT MADE,FT ATT,FT %,G-SCORE,O-REB ALLOW,TAP-OUT,HUSTLE PLAYS,VERSUS,FINAL,DATE
0,Tre Clemons,4,0,4,4,0,0,0,1,0,2,2,100.0%,0,0,,2,2,100.0%,0,1,0.0%,3.2,0,,0,App State (QCC),,12/2/2023
1,Anthony Franchi,3,0,3,3,0,0,1,2,0,0,0,,1,3,33.3%,1,3,33.3%,0,0,,0.9,0,3/3,0,App State (QCC),,12/2/2023
2,Drew Moore,9,0,2,2,0,1,0,0,1,3,5,60.0%,0,1,0.0%,3,6,50.0%,3,7,42.9%,5.6,0,1/2,1,App State (QCC),,12/2/2023
3,Trian Barnes,5,0,0,0,1,0,0,0,2,1,2,50.0%,1,2,50.0%,2,4,50.0%,0,0,,5.7,0,0/1,0,App State (QCC),,12/2/2023
4,JJ Sciba,3,1,0,1,1,1,1,0,1,1,1,100.0%,0,0,,1,1,100.0%,1,3,33.3%,4.6,0,2/4,0,App State (QCC),,12/2/2023
5,Jourdan Watkins,8,0,5,5,0,1,2,1,2,4,6,66.7%,0,0,,4,6,66.7%,0,1,0.0%,8.5,0,2/2,1,App State (QCC),,12/2/2023
7,Trevor Kelly,5,0,1,1,2,0,0,1,1,1,2,50.0%,1,3,33.3%,2,5,40.0%,0,0,,4,0,1/1,0,App State (QCC),,12/2/2023
8,Sos Igbnigie,8,1,0,1,1,1,3,1,1,1,1,100.0%,2,2,100.0%,3,3,100.0%,0,0,,10.2,0,1/2,0,App State (QCC),,12/2/2023
11,Tyler Druskis,0,1,0,1,1,0,0,0,0,0,0,,0,1,0.0%,0,1,0.0%,0,0,,0.7,0,1/1,0,App State (QCC),,12/2/2023
12,Tevin Jessup,0,0,2,2,0,0,1,0,1,0,1,0.0%,0,0,,0,1,0.0%,0,0,,1.6,0,1/2,0,App State (QCC),,12/2/2023
13,Zach Friday,6,0,1,1,0,0,0,0,0,0,2,0.0%,2,2,100.0%,2,4,50.0%,0,0,,4.3,0,2/2,0,App State (QCC),,12/2/2023
20,Caleb Tillis,0,0,2,2,0,0,1,2,0,0,1,0.0%,0,0,,0,1,0.0%,0,0,,-1.4,0,,0,App State (QCC),,12/2/2023
21,Meelad Doroodchi,2,0,3,3,0,0,2,0,0,1,3,33.3%,0,0,,1,3,33.3%,0,0,,2.6,0,3/3,0,App State (QCC),,12/2/2023
30,Cole Strand,2,0,4,4,0,0,v,0,0,1,2,50.0%,0,0,,1,2,50.0%,0,0,,,0,1/2,1,App State (QCC),,12/2/2023
34,Max Reid,3,4,2,6,0,3,0,0,0,1,1,100.0%,0,0,,1,1,100.0%,1,4,25.0%,3.7,0,3/3,1,App State (QCC),,12/2/2023
35,CHARLOTTE,58,8,29,37,6,7,11,8,9,16,29,55.2%,7,14,50.0%,23,43,53.5%,5,16,31.3%,0,0,21/28 = 75%,4,App State (QCC),N/A,12/2/2023
36,Opponent,22,10,20,30,,18,4,13,5,6,27,22.20%,3,23,13.00%,9,50,18.00%,1,5,20.00%,,,,,App State (QCC),N/A,12/2/2023
Num.,Name,PTS,OREB,DREB,TOTAL REB,BLK,FOUL,AST,TOV,STL,2FG MADE,2FG ATT,2FG %,3FG MADE,3FG ATT,3FG %,TFG MADE,TFG ATT,TFG %,FT MADE,FT ATT,FT %,G-SCORE,O-REB ALLOW,TAP-OUT,HUSTLE PLAYS,VERSUS,FINAL,DATE
0,Tre Clemons,11,1,6,7,0,0,0,1,1,4,7,57.1%,0,2,0.0%,4,9,44.4%,3,7,42.9%,7.2,0,4/5,2,NC State (QCC),,12/2/2023
1,Anthony Franchi,5,0,3,3,0,0,1,0,0,2,2,100.0%,0,0,,2,2,100.0%,1,4,25.0%,4.8,0,6/7,0,NC State (QCC),,12/2/2023
2,Drew Moore,0,0,0,0,0,0,0,0,0,0,0,,0,0,,0,0,,0,0,,0,0,,0,NC State (QCC),,12/2/2023
3,Trian Barnes,3,1,3,4,0,2,0,3,0,1,1,100.0%,0,1,0.0%,1,2,50.0%,1,2,50.0%,-0.6,0,1/1,2,NC State (QCC),,12/2/2023
4,JJ Sciba,4,0,0,0,0,0,0,2,0,0,1,0.0%,0,3,0.0%,0,4,0.0%,4,6,66.7%,-1.6,0,5/5,1,NC State (QCC),,12/2/2023
5,Jourdan Watkins,7,1,5,6,1,1,1,0,1,2,4,50.0%,0,1,0.0%,2,5,40.0%,3,3,100.0%,8.5,0,6/6,0,NC State (QCC),,12/2/2023
7,Trevor Kelly,2,0,3,3,0,0,1,0,0,1,1,100.0%,0,0,,1,1,100.0%,0,0,,3.3,0,1/2,1,NC State (QCC),,12/2/2023
8,Sos Igbnigie,3,0,0,0,0,3,2,0,1,0,1,0.0%,1,2,50.0%,1,3,33.3%,0,0,,2.5,0,4/4,0,NC State (QCC),,12/2/2023
11,Tyler Druskis,0,0,0,0,0,0,0,0,0,0,0,,0,0,,0,0,,0,0,,0,0,,0,NC State (QCC),,12/2/2023
12,Tevin Jessup,0,0,0,0,0,0,0,0,0,0,0,,0,0,,0,0,,0,0,,0,0,,0,NC State (QCC),,12/2/2023
13,Zach Friday,12,0,2,2,0,1,1,1,0,3,3,100.0%,2,2,100.0%,5,5,100.0%,0,0,,10.4,0,1/2,0,NC State (QCC),,12/2/2023
20,Caleb Tillis,0,0,1,1,0,3,1,0,0,0,2,0.0%,0,0,,0,2,0.0%,0,0,,-1.6,0,2/3,0,NC State (QCC),,12/2/2023
21,Meelad Doroodchi,0,0,1,1,0,1,0,0,0,0,1,0.0%,0,0,,0,1,0.0%,0,0,,-0.8,0,,0,NC State (QCC),,12/2/2023
30,Cole Strand,0,0,0,0,0,0,0,0,0,0,0,,0,0,,0,0,,0,0,,0,0,,0,NC State (QCC),,12/2/2023
34,Max Reid,0,0,0,0,0,0,0,0,0,0,0,,0,0,,0,0,,0,0,,0,0,,0,NC State (QCC),,12/2/2023
35,CHARLOTTE,47,4,26,30,1,11,7,7,3,13,23,56.5%,3,11,27.3%,16,34,47.1%,12,22,54.5%,0,0,30/35 = 86%,6,NC State (QCC),47,12/2/2023
36,Opponent,36,8,20,28,2,19,5,8,1,7,18,38.90%,5,24,20.80%,12,42,28.60%,7,13,53.80%,,,,,NC State (QCC),36,12/2/2023
Num.,Name,PTS,OREB,DREB,TOTAL REB,BLK,FOUL,AST,TOV,STL,2FG MADE,2FG ATT,2FG %,3FG MADE,3FG ATT,3FG %,TFG MADE,TFG ATT,TFG %,FT MADE,FT ATT,FT %,G-SCORE,O-REB ALLOW,TAP-OUT,HUSTLE PLAYS,VERSUS,FINAL,DATE
0,Tre Clemons,6,1,1,2,0,1,2,0,1,3,4,75.0%,0,0,,3,4,75.0%,0,0,,7.4,0,4/4,0,NC State (QCC Semi),,12/3/2023
1,Anthony Franchi,2,0,5,5,0,1,3,0,0,1,4,25.0%,0,0,,1,4,25.0%,0,0,,2.8,0,3/3,0,NC State (QCC Semi),,12/3/2023
2,Drew Moore,0,0,0,0,0,0,0,0,0,0,0,,0,0,,0,0,,0,0,,0,0,,0,NC State (QCC Semi),,12/3/2023
3,Trian Barnes,11,1,1,2,0,0,1,2,0,1,2,50.0%,3,5,60.0%,4,7,57.1%,0,0,,7.4,0,3/4,0,NC State (QCC Semi),,12/3/2023
4,JJ Sciba,9,0,3,3,0,0,1,0,0,1,3,33.3%,2,3,66.7%,3,6,50.0%,1,2,50.0%,7.2,0,3/3,0,NC State (QCC Semi),,12/3/2023
5,Jourdan Watkins,12,0,5,5,3,3,1,2,0,5,6,83.3%,0,2,0.0%,5,8,62.5%,2,3,66.7%,9.1,0,2/2,3,NC State (QCC Semi),,12/3/2023
7,Trevor Kelly,0,0,1,1,1,0,0,0,0,0,0,,0,0,,0,0,,0,0,,1,0,3/4,0,NC State (QCC Semi),,12/3/2023
8,Sos Igbnigie,2,0,1,1,1,5,0,0,0,1,2,50.0%,0,2,0.0%,1,4,25.0%,0,0,,-1.4,0,4/4,0,NC State (QCC Semi),,12/3/2023
11,Tyler Druskis,0,0,0,0,0,0,0,0,0,0,0,,0,0,,0,0,,0,0,,0,0,,0,NC State (QCC Semi),,12/3/2023
12,Tevin Jessup,2,0,0,0,0,1,0,0,0,1,1,100.0%,0,0,,1,1,100.0%,0,0,,1.3,0,3/3,0,NC State (QCC Semi),,12/3/2023
13,Zach Friday,2,1,1,2,0,0,0,0,1,1,3,33.3%,0,1,0.0%,1,4,25.0%,0,0,,1.6,0,1/2,2,NC State (QCC Semi),,12/3/2023
20,Caleb Tillis,2,0,2,2,0,2,2,0,0,1,2,50.0%,0,0,,1,2,50.0%,0,0,,2.2,0,3/3,1,NC State (QCC Semi),,12/3/2023
21,Meelad Doroodchi,2,1,4,5,0,2,0,3,1,1,3,33.3%,0,2,0.0%,1,5,20.0%,0,0,,-2,0,3/5,1,NC State (QCC Semi),,12/3/2023
33,Cole Strand,0,0,0,0,0,0,0,0,0,0,0,,0,0,,0,0,,0,0,,0,0,,0,NC State (QCC Semi),,12/3/2023
34,Max Reid,0,0,0,0,0,0,0,0,0,0,0,,0,0,,0,0,,0,0,,0,0,,0,NC State (QCC Semi),,12/3/2023
35,CHARLOTTE,50,4,27,31,5,15,10,7,3,16,30,53.3%,5,15,33.3%,21,45,46.7%,3,5,60.0%,0,0,32/37 = 86%,7,NC State (QCC Semi),50,12/3/2023
36,Opponent,40,12,20,32,3,9,8,10,4,4,24,16.70%,7,24,29.20%,11,48,22.90%,11,15,73.30%,,,,,NC State (QCC Semi),40,12/3/2023
Num.,Name,PTS,OREB,DREB,TOTAL REB,BLK,FOUL,AST,TOV,STL,2FG MADE,2FG ATT,2FG %,3FG MADE,3FG ATT,3FG %,TFG MADE,TFG ATT,TFG %,FT MADE,FT ATT,FT %,G-SCORE,O-REB ALLOW,TAP-OUT,HUSTLE PLAYS,VERSUS,FINAL,DATE
0,Tre Clemons,3,0,1,1,0,1,0,0,0,1,2,50.0%,0,1,0.0%,1,3,33.3%,1,2,50.0%,0.8,0,5/6,0,Rowan (QCC Final),,12/3/2023
1,Anthony Franchi,5,0,3,3,0,2,1,0,2,1,2,50.0%,1,2,50.0%,2,4,50.0%,0,0,,5.8,0,4/5,1,Rowan (QCC Final),,12/3/2023
2,Drew Moore,0,0,0,0,0,0,0,0,0,0,,,0,0,,0,0,,0,0,,0,0,,0,Rowan (QCC Final),,12/3/2023
3,Trian Barnes,2,0,1,1,0,1,1,3,1,1,1,100.0%,0,2,0.0%,1,3,33.3%,0,0,,-1.1,0,5/5,0,Rowan (QCC Final),,12/3/2023
4,JJ Sciba,8,0,1,1,0,0,0,2,1,0,2,0.0%,2,4,50.0%,2,6,33.3%,2,3,66.7%,3.5,0,1/1,1,Rowan (QCC Final),,12/3/2023
5,Jourdan Watkins,12,1,6,7,1,1,0,0,2,3,6,50.0%,0,1,0.0%,3,7,42.9%,6,9,66.7%,11.9,0,2/4,1,Rowan (QCC Final),,12/3/2023
7,Trevor Kelly,6,0,2,2,0,1,0,1,0,0,,,2,4,50.0%,2,4,50.0%,0,0,,3.2,0,2/2,0,Rowan (QCC Final),,12/3/2023
8,Sos Igbnigie,4,0,3,3,0,1,1,1,1,1,1,100.0%,0,0,,1,1,100.0%,2,2,100.0%,4.9,0,3/3,0,Rowan (QCC Final),,12/3/2023
11,Tyler Druskis,0,0,0,0,0,0,0,0,0,0,0,,0,0,,0,0,,0,0,,0,0,,0,Rowan (QCC Final),,12/3/2023
12,Tevin Jessup,0,0,0,0,0,0,0,0,0,0,0,,0,0,,0,0,,0,0,,0,0,,0,Rowan (QCC Final),,12/3/2023
13,Zach Friday,0,0,0,0,0,0,0,1,0,0,1,0.0%,0,0,,0,1,0.0%,0,0,,-1.7,0,2/2,0,Rowan (QCC Final),,12/3/2023
20,Caleb Tillis,1,0,0,0,0,0,1,0,0,0,0,,0,0,,0,0,,1,2,50.0%,1.3,0,3/5,0,Rowan (QCC Final),,12/3/2023
21,Meelad Doroodchi,0,0,2,2,0,0,0,0,2,0,0,,0,0,,0,0,,0,0,,2.6,0,3/6,0,Rowan (QCC Final),,12/3/2023
33,Cole Strand,0,0,0,0,0,0,0,0,0,0,0,,0,0,,0,0,,0,0,,0,0,,0,Rowan (QCC Final),,12/3/2023
34,Max Reid,0,0,0,0,0,0,0,0,0,0,0,,0,0,,0,0,,0,0,,0,0,,0,Rowan (QCC Final),,12/3/2023
35,CHARLOTTE,41,1,20,21,1,7,4,8,9,7,15,46.7%,5,14,35.7%,12,29,41.4%,12,18,66.7%,0,0,30/39 = 77%,3,Rowan (QCC Final),41,12/3/2023
36,Opponent,35,6,20,26,0,19,6,12,4,10,23,43.50%,5,19,26.30%,15,42,35.70%,,18,,,,,,Rowan (QCC Final),35,12/3/2023
Num.,Name,PTS,OREB,DREB,TOTAL REB,BLK,FOUL,AST,TOV,STL,2FG MADE,2FG ATT,2FG %,3FG MADE,3FG ATT,3FG %,TFG MADE,TFG ATT,TFG %,FT MADE,FT ATT,FT %,G-SCORE,O-REB ALLOW,TAP-OUT,HUSTLE PLAYS,VERSUS,FINAL,DATE
0,Tre Clemons,7,0,2,2,0,0,3,1,1,2,3,66.7%,0,1,0.0%,2,4,50.0%,3,4,75.0%,7.3,0,2/2,0,App State,,1/13/2024
1,Anthony Franchi,9,2,2,4,0,1,4,0,3,2,3,66.7%,1,1,100.0%,3,4,75.0%,2,2,100.0%,14.8,0,4/4,0,App State,,1/13/2024
2,Drew Moore,0,0,0,0,0,0,0,0,0,0,0,,0,0,,0,0,,0,0,,0,0,,0,App State,,1/13/2024
3,Trian Barnes,23,0,2,2,1,1,3,1,1,5,7,71.4%,3,7,42.9%,8,14,57.1%,4,6,66.7%,18.6,0,1/1,1,App State,,1/13/2024
4,JJ Sciba,0,0,4,4,0,1,3,2,1,0,0,,0,2,0.0%,0,2,0.0%,0,0,,0.5,0,2/3,1,App State,,1/13/2024
5,Jourdan Watkins,12,1,5,6,1,1,1,1,0,6,7,85.7%,0,1,0.0%,6,8,75.0%,0,0,,11,0,1/2,1,App State,,1/13/2024
7,Trevor Kelly,4,0,2,2,1,1,2,0,1,2,2,100.0%,0,2,0.0%,2,4,50.0%,0,0,,5.3,0,5/6,0,App State,,1/13/2024
8,Sos Igbnigie,0,0,0,0,0,0,0,0,0,0,0,,0,0,,0,0,,0,0,,0,0,,0,App State,,1/13/2024
11,Tyler Druskis,0,0,0,0,0,0,0,0,0,0,0,,0,0,,0,0,,0,0,,0,0,,0,App State,,1/13/2024
12,Tevin Jessup,6,1,3,4,0,1,1,0,1,3,4,75.0%,0,0,,3,4,75.0%,0,0,,7.3,0,3/3,0,App State,,1/13/2024
13,Zach Friday,2,0,2,2,1,2,0,0,0,1,4,25.0%,0,1,0.0%,1,5,20.0%,0,0,,-0.6,0,1/1,0,App State,,1/13/2024
20,Caleb Tillis,3,0,3,3,0,0,1,1,1,1,2,50.0%,0,0,,1,2,50.0%,1,2,50.0%,3.2,0,1/3,0,App State,,1/13/2024
21,Meelad Doroodchi,0,0,3,3,0,0,2,0,2,0,0,,0,0,,0,0,,0,0,,4.3,0,,0,App State,,1/13/2024
33,Cole Strand,2,0,0,0,0,1,0,0,0,1,1,100.0%,0,0,,1,1,100.0%,0,0,,1.3,0,2/3,0,App State,,1/13/2024
34,Max Reid,12,2,1,3,2,2,0,0,0,4,4,100.0%,1,2,50.0%,5,6,83.3%,1,3,33.3%,11.3,0,2/2,1,App State,,1/13/2024
35,CHARLOTTE,82,6,29,35,6,12,20,6,11,28,38,73.7%,5,17,29.4%,32,54,59.3%,11,17,64.7%,0,9,24/30 = 80%,4,App State,N/A,1/13/2024
36,Opponent,36,11,15,26,,16,2,12,2,6,28,21.40%,4,21,19.00%,10,49,20.40%,12,17,70.60%,,,,,App State,N/A,1/13/2024
Num.,Name,PTS,OREB,DREB,TOTAL REB,BLK,FOUL,AST,TOV,STL,2FG MADE,2FG ATT,2FG %,3FG MADE,3FG ATT,3FG %,TFG MADE,TFG ATT,TFG %,FT MADE,FT ATT,FT %,G-SCORE,O-REB ALLOW,TAP-OUT,HUSTLE PLAYS,VERSUS,FINAL,DATE
0,Tre Clemons,3,0,1,1,0,1,1,1,0,0,1,0.0%,0,1,0.0%,0,2,0.0%,3,4,75.0%,0.8,0,3/5,,@ Claflin,,1/21/2024
1,Anthony Franchi,6,1,3,4,0,0,2,0,2,2,3,66.7%,0,1,0.0%,2,4,50.0%,2,6,33.3%,7.4,0,9/14,1,@ Claflin,,1/21/2024
2,Drew Moore,0,0,0,0,0,0,0,0,0,0,0,,0,0,,0,0,,0,0,,0,0,,,@ Claflin,,1/21/2024
3,Trian Barnes,13,1,3,4,0,0,1,5,1,2,3,66.7%,1,3,33.3%,3,6,50.0%,6,6,100.0%,8.3,0,6/10,2,@ Claflin,,1/21/2024
4,JJ Sciba,14,0,2,2,1,1,1,1,2,1,1,100.0%,3,4,75.0%,4,5,80.0%,3,3,100.0%,14.7,0,6/8,2,@ Claflin,,1/21/2024
5,Jourdan Watkins,11,4,1,5,2,4,1,2,1,5,10,50.0%,0,0,,5,10,50.0%,1,1,100.0%,8.6,0,5/11,2,@ Claflin,,1/21/2024
7,Trevor Kelly,11,0,2,2,1,1,0,0,0,0,0,,3,3,100.0%,3,3,100.0%,2,2,100.0%,11,0,2/5,,@ Claflin,,1/21/2024
8,Sos Igbnigie,2,0,3,3,0,3,1,2,0,1,2,50.0%,0,1,0.0%,1,3,33.3%,0,0,,-1.3,0,7/10,,@ Claflin,,1/21/2024
11,Tyler Druskis,0,0,0,0,0,0,0,0,0,0,0,,0,0,,0,0,,0,0,,0,0,,,@ Claflin,,1/21/2024
12,Tevin Jessup,4,0,0,0,0,1,0,1,0,2,2,100.0%,0,0,,2,2,100.0%,0,3,0.0%,0.8,0,5/7,,@ Claflin,,1/21/2024
13,Zach Friday,0,0,0,0,0,3,1,1,1,0,1,0.0%,0,0,,0,1,0.0%,0,0,,-1.2,0,4/5,,@ Claflin,,1/21/2024
20,Caleb Tillis,4,1,3,4,0,3,0,1,0,2,2,100.0%,0,0,,2,2,100.0%,0,2,0.0%,2,0,2/4,,@ Claflin,,1/21/2024
21,Meelad Doroodchi,2,0,2,2,0,1,1,2,0,1,1,100.0%,0,0,,1,1,100.0%,0,0,,0.6,0,3/6,,@ Claflin,,1/21/2024
33,Cole Strand,0,0,0,0,0,0,0,0,0,0,0,,0,0,,0,0,,0,0,,0,0,,,@ Claflin,,1/21/2024
34,Max Reid,3,0,2,2,0,1,0,1,0,1,1,100.0%,0,0,,1,1,100.0%,1,1,100.0%,1.9,0,0/4,1,@ Claflin,,1/21/2024
35,CHARLOTTE,73,7,25,32,4,20,9,19,7,17,27,63.0%,7,13,53.8%,24,40,60.0%,18,28,64.3%,0,19,52/89 = 58%,8,@ Claflin,73,1/21/2024
36,Opponent,66,19,13,32,2,21,7,10,4,21,45,46.70%,2,19,10.50%,23,64,35.90%,18,25,72.00%,,,,,@ Claflin,66,1/21/2024
Num.,Name,PTS,OREB,DREB,TOTAL REB,BLK,FOUL,AST,TOV,STL,2FG MADE,2FG ATT,2FG %,3FG MADE,3FG ATT,3FG %,TFG MADE,TFG ATT,TFG %,FT MADE,FT ATT,FT %,G-SCORE,O-REB ALLOW,TAP-OUT,HUSTLE PLAYS,VERSUS,FINAL,DATE
0,Tre Clemons,13,2,1,3,0,4,1,1,1,2,6,33.3%,1,1,100.0%,3,7,42.9%,6,9,66.7%,8.9,0,4/5,2,South Carolina (1),,1/28/2024
1,Anthony Franchi,3,1,2,3,0,1,1,0,0,1,2,50.0%,0,0,,1,2,50.0%,1,5,20.0%,2,0,12/13,0,South Carolina (1),,1/28/2024
2,Drew Moore,0,0,0,0,0,0,0,0,0,0,0,,0,0,,0,0,,0,0,,0,0,,0,South Carolina (1),,1/28/2024
3,Trian Barnes,7,1,5,6,1,1,0,4,2,1,6,16.7%,1,3,33.3%,2,9,22.2%,2,2,100.0%,2,0,6/7,1,South Carolina (1),,1/28/2024
4,JJ Sciba,9,1,2,3,0,0,2,2,0,1,3,33.3%,2,6,33.3%,3,9,33.3%,1,2,50.0%,4.2,0,13/13,1,South Carolina (1),,1/28/2024
5,Jourdan Watkins,9,4,7,11,1,3,1,1,2,4,9,44.4%,0,1,0.0%,4,10,40.0%,1,2,50.0%,9.3,0,10/17,2,South Carolina (1),,1/28/2024
7,Trevor Kelly,0,0,0,0,0,0,0,0,0,0,0,,0,0,,0,0,,0,0,,0,0,,0,South Carolina (1),,1/28/2024
8,Sos Igbnigie,11,0,3,3,0,3,1,1,2,4,5,80.0%,1,2,50.0%,5,7,71.4%,0,2,0.0%,8.7,0,18/20,0,South Carolina (1),,1/28/2024
11,Tyler Druskis,0,0,0,0,0,0,0,0,0,0,0,,0,0,,0,0,,0,0,,0,0,,0,South Carolina (1),,1/28/2024
12,Tevin Jessup,0,0,1,1,0,1,0,1,0,0,0,,0,0,,0,0,,0,0,,-1.1,0,1/1,0,South Carolina (1),,1/28/2024
13,Zach Friday,5,1,1,2,0,0,0,1,1,2,3,66.7%,0,0,,2,3,66.7%,1,2,50.0%,4.3,0,10/12,0,South Carolina (1),,1/28/2024
20,Caleb Tillis,1,0,3,3,2,2,1,1,1,0,1,0.0%,0,0,,0,1,0.0%,1,2,50.0%,2.1,0,5/6,0,South Carolina (1),,1/28/2024
21,Meelad Doroodchi,2,0,1,1,0,1,0,1,1,1,2,50.0%,0,0,,1,2,50.0%,0,0,,0.9,0,2/5,0,South Carolina (1),,1/28/2024
33,Cole Strand,0,0,0,0,0,0,0,0,0,0,0,,0,0,,0,0,,0,0,,0,0,,0,South Carolina (1),,1/28/2024
34,Max Reid,0,0,0,0,0,0,0,0,0,0,0,,0,0,,0,0,,0,0,,0,0,,0,South Carolina (1),,1/28/2024
35,CHARLOTTE,62,11,29,40,4,18,7,14,10,17,38,44.7%,5,13,38.5%,21,50,42.0%,13,26,50.0%,0,11,81/99 = 82%,6,South Carolina (1),62,1/28/2024
36,Opponent,56,16,19,35,2,15,4,16,3,15,33,45.50%,4,25,16.00%,19,58,32.80%,14,20,70.00%,,,,,South Carolina (1),56,1/28/2024
Num.,Name,PTS,OREB,DREB,TOTAL REB,BLK,FOUL,AST,TOV,STL,2FG MADE,2FG ATT,2FG %,3FG MADE,3FG ATT,3FG %,TFG MADE,TFG ATT,TFG %,FT MADE,FT ATT,FT %,G-SCORE,O-REB ALLOW,TAP-OUT,HUSTLE PLAYS,VERSUS,FINAL,DATE
0,Tre Clemons,19,2,3,5,0,1,1,1,0,7,8,87.5%,1,3,33.3%,8,11,72.7%,2,3,66.7%,15.7,0,3/4,1,South Carolina (2),,1/28/2024
1,Anthony Franchi,6,2,4,6,0,2,2,1,1,2,6,33.3%,0,1,0.0%,2,7,28.6%,2,3,66.7%,4.7,0,13/14,0,South Carolina (2),,1/28/2024
2,Drew Moore,0,0,,0,0,0,0,0,0,0,0,,0,0,,0,0,,0,0,,0,0,,0,South Carolina (2),,1/28/2024
3,Trian Barnes,7,2,2,4,0,1,1,4,0,2,4,50.0%,1,4,25.0%,3,8,37.5%,0,0,,0.9,0,9/9,1,South Carolina (2),,1/28/2024
4,JJ Sciba,5,1,1,2,0,0,1,2,0,1,4,25.0%,1,6,16.7%,2,10,20.0%,0,0,,-1.5,0,14/15,0,South Carolina (2),,1/28/2024
5,Jourdan Watkins,10,3,5,8,1,3,0,2,2,4,8,50.0%,0,1,0.0%,4,9,44.4%,2,3,66.7%,8,0,9/14,0,South Carolina (2),,1/28/2024
7,Trevor Kelly,0,0,0,0,0,0,0,0,0,0,0,,0,0,,0,0,,0,0,,0,0,,0,South Carolina (2),,1/28/2024
8,Sos Igbnigie,0,0,0,0,0,0,0,0,0,0,0,,0,0,,0,0,,0,0,,0,0,1/2,0,South Carolina (2),,1/28/2024
11,Tyler Druskis,3,0,2,2,0,0,1,1,1,0,0,,1,2,50.0%,1,2,50.0%,0,0,,3.3,0,,1,South Carolina (2),,1/28/2024
12,Tevin Jessup,2,1,1,2,0,2,0,0,0,1,1,100.0%,0,0,,1,1,100.0%,0,0,,1.9,0,3/5,0,South Carolina (2),,1/28/2024
13,Zach Friday,13,2,2,4,0,2,0,0,0,5,7,71.4%,1,2,50.0%,6,9,66.7%,0,0,,10.3,0,11/14,0,South Carolina (2),,1/28/2024
20,Caleb Tillis,0,0,3,3,0,0,0,2,0,0,0,,0,0,,0,0,,0,0,,-1.1,0,2/5,0,South Carolina (2),,1/28/2024
21,Meelad Doroodchi,2,0,3,3,0,0,2,0,1,1,3,33.3%,0,0,,1,3,33.3%,0,0,,3.6,0,5/6,0,South Carolina (2),,1/28/2024
33,Cole Strand,0,0,0,0,0,0,0,0,0,0,0,,0,0,,0,0,,0,0,,0,0,5/5,0,South Carolina (2),,1/28/2024
34,Max Reid,2,0,2,2,0,2,0,0,0,1,2,50.0%,0,0,,1,2,50.0%,0,1,0.0%,0.4,0,1/2,0,South Carolina (2),,1/28/2024
35,CHARLOTTE,69,15,31,46,1,14,8,13,5,24,43,55.8%,5,19,26.3%,29,62,46.8%,6,10,60.0%,0,10,76/95 = 80%,3,South Carolina (2),69,1/28/2024
36,Opponent,60,11,21,32,2,14,16,13,8,7,26,26.90%,13,35,37.10%,20,61,32.80%,7,10,70.00%,,,,,South Carolina (2),60,1/28/2024
#,Name,PTS,OREB,DREB,TOTAL REB,BLK,FOUL,AST,TOV,STL,2FG MADE,2FG ATT,2FG %,3FG MADE,3FG ATT,3FG %,TFG MADE,TFG ATT,TFG %,FT MADE,FT ATT,FT %,G-SCORE,O-REB ALLOW,TAP-OUT,HUSTLE PLAYS,VERSUS,FINAL,DATE
0,Tre Clemons,12,0,1,1,0,0,0,0,0,5,7,71.4%,0,0,,5,7,71.4%,2,3,66.7%,9,0,13/13,2,USC Upstate,,2/4/2024
1,Anthony Franchi,2,0,6,6,0,0,5,0,0,1,3,33.3%,0,1,0.0%,1,4,25.0%,0,0,,4.9,0,7/10,0,USC Upstate,,2/4/2024
2,Drew Moore,0,0,,0,0,0,0,0,0,0,0,,0,0,,0,0,,0,0,,0,0,,0,USC Upstate,,2/4/2024
3,Trian Barnes,17,0,3,3,0,2,3,6,1,7,8,87.5%,0,0,,7,8,87.5%,3,4,75.0%,11,0,14/15,0,USC Upstate,,2/4/2024
4,JJ Sciba,7,0,3,3,0,0,3,2,0,2,2,100.0%,1,3,33.3%,3,5,60.0%,0,0,,5.7,0,12/15,0,USC Upstate,,2/4/2024
5,Jourdan Watkins,29,1,9,10,1,1,0,0,4,11,12,91.7%,1,1,100.0%,12,13,92.3%,4,8,50.0%,30.8,0,13/17,1,USC Upstate,,2/4/2024
7,Trevor Kelly,3,1,4,5,1,0,1,0,0,0,1,0.0%,1,6,16.7%,1,7,14.3%,0,0,,1.8,0,12/13,0,USC Upstate,,2/4/2024
8,Sos Igbnigie,4,0,2,2,0,3,1,2,1,0,0,,1,2,50.0%,1,2,50.0%,1,2,50.0%,1.7,0,15/16,0,USC Upstate,,2/4/2024
11,Tyler Druskis,0,0,1,1,0,0,0,0,0,0,0,,0,0,,0,0,,0,0,,0.3,0,2/2,0,USC Upstate,,2/4/2024
12,Tevin Jessup,0,0,2,2,0,0,0,0,0,0,0,,0,0,,0,0,,0,0,,0.6,0,4/7,1,USC Upstate,,2/4/2024
13,Zach Friday,2,0,3,3,1,1,2,3,1,1,4,25.0%,0,1,0.0%,1,5,20.0%,0,0,,-0.5,0,11/15,0,USC Upstate,,2/4/2024
20,Caleb Tillis,8,3,2,5,0,2,0,0,1,3,6,50.0%,0,0,,3,6,50.0%,2,4,50.0%,7.1,0,5/7,1,USC Upstate,,2/4/2024
21,Meelad Doroodchi,4,0,2,2,0,3,1,2,1,2,3,66.7%,0,2,0.0%,2,5,40.0%,0,0,,0.4,0,10/11,0,USC Upstate,,2/4/2024
33,Cole Strand,3,2,0,2,0,0,0,0,0,0,1,0.0%,1,2,50.0%,1,3,33.3%,0,0,,2.7,0,4/4,0,USC Upstate,,2/4/2024
34,Max Reid,0,0,0,0,0,0,0,0,0,0,0,,0,1,0.0%,0,1,0.0%,0,0,,-0.7,0,0/1,0,USC Upstate,,2/4/2024
35,CHARLOTTE,91,8,39,47,3,12,16,15,9,32,47,68.1%,5,19,26.3%,37,66,56.1%,12,21,57.1%,0,5,122/146 = 84%,5,USC Upstate,91,2/4/2024
36,Opponent,71,8,24,32,2,14,8,16,13,9,29,31.00%,14,41,34.10%,23,70,32.90%,11,16,68.80%,,,,,USC Upstate,71,2/4/2024
#,Name,PTS,OREB,DREB,TOTAL REB,BLK,FOUL,AST,TOV,STL,2FG MADE,2FG ATT,2FG %,3FG MADE,3FG ATT,3FG %,TFG MADE,TFG ATT,TFG %,FT MADE,FT ATT,FT %,G-SCORE,O-REB ALLOW,TAP-OUT,HUSTLE PLAYS,VERSUS,FINAL,DATE
0,Tre Clemons,9,1,0,1,0,1,1,1,1,2,5,40.0%,0,0,,2,5,40.0%,5,6,83.3%,6.9,0,14/14,0,NC State (Halton),,2/10/2024
1,Anthony Franchi,3,0,2,2,0,0,2,3,1,0,0,,1,1,100.0%,1,1,100.0%,0,2,0.0%,1.9,0,16/16,0,NC State (Halton),,2/10/2024
2,Drew Moore,0,0,0,0,0,0,0,0,0,0,0,,0,0,,0,0,,0,0,,0,0,,0,NC State (Halton),,2/10/2024
3,Trian Barnes,23,1,4,5,0,0,1,4,0,6,11,54.5%,1,3,33.3%,7,14,50.0%,8,12,66.7%,13,0,16/16,2,NC State (Halton),,2/10/2024
4,JJ Sciba,10,0,1,1,0,3,1,3,0,0,1,0.0%,3,8,37.5%,3,9,33.3%,1,2,50.0%,1.3,0,19/21,2,NC State (Halton),,2/10/2024
5,Jourdan Watkins,7,0,9,9,0,2,1,1,1,3,9,33.3%,0,1,0.0%,3,10,30.0%,1,3,33.3%,3,0,15/22,1,NC State (Halton),,2/10/2024
7,Trevor Kelly,6,0,3,3,0,2,1,1,2,0,0,,2,5,40.0%,2,5,40.0%,0,0,,5.1,0,10/10,0,NC State (Halton),,2/10/2024
8,Sos Igbnigie,2,0,0,0,0,3,2,0,2,1,1,100.0%,0,1,0.0%,1,2,50.0%,0,0,,3.2,0,11/11,0,NC State (Halton),,2/10/2024
11,Tyler Druskis,0,0,0,0,0,0,0,0,0,0,0,,0,0,,0,0,,0,0,,0,0,,0,NC State (Halton),,2/10/2024
12,Tevin Jessup,0,0,2,2,0,2,0,0,1,0,0,,0,0,,0,0,,0,0,,0.8,0,2/4,0,NC State (Halton),,2/10/2024
13,Zach Friday,0,0,1,1,0,2,3,0,2,0,2,0.0%,0,1,0.0%,0,3,0.0%,0,0,,1.5,0,10/14,0,NC State (Halton),,2/10/2024
20,Caleb Tillis,2,0,0,0,1,1,0,1,1,1,2,50.0%,0,0,,1,2,50.0%,0,0,,1.3,0,8/9,1,NC State (Halton),,2/10/2024
21,Meelad Doroodchi,4,0,2,2,0,3,1,1,1,1,2,50.0%,0,0,,1,2,50.0%,2,2,100.0%,3.1,0,5/11,1,NC State (Halton),,2/10/2024
33,Cole Strand,0,0,0,0,0,0,0,0,0,0,0,,0,0,,0,0,,0,0,,0,0,,0,NC State (Halton),,2/10/2024
34,Max Reid,0,0,0,0,0,0,0,0,0,0,0,,0,0,,0,0,,0,0,,0,0,,0,NC State (Halton),,2/10/2024
35,CHARLOTTE,67,5,27,32,1,19,13,15,12,14,33,42.4%,7,20,35.0%,21,53,39.6%,17,27,63.0%,0,9,126/148 = 85%,7,NC State (Halton),67,2/10/2024
36,Opponent,63,12,32,44,2,19,7,19,6,14,32,43.80%,8,24,33.30%,22,56,39.30%,11,19,57.90%,,,,,NC State (Halton),63,2/10/2024
#,Name,PTS,OREB,DREB,TOTAL REB,BLK,FOUL,AST,TOV,STL,2FG MADE,2FG ATT,2FG %,3FG MADE,3FG ATT,3FG %,TFG MADE,TFG ATT,TFG %,FT MADE,FT ATT,FT %,G-SCORE,O-REB ALLOW,TAP-OUT,HUSTLE PLAYS,VERSUS,FINAL,DATE
0,Tre Clemons,12,1,1,2,0,4,0,1,1,4,5,80.0%,1,1,100.0%,5,6,83.3%,1,4,25.0%,8,0,10/11,2,@ High Point,,2/17/2024
1,Anthony Franchi,8,1,2,3,0,0,1,0,1,2,7,28.6%,1,2,50.0%,3,9,33.3%,1,1,100.0%,5.9,0,14/15,1,@ High Point,,2/17/2024
2,Drew Moore,0,0,0,0,0,0,0,0,0,0,0,,0,0,,0,0,,0,0,,0,0,,0,@ High Point,,2/17/2024
3,Trian Barnes,18,3,3,6,0,1,1,4,1,5,15,33.3%,2,2,100.0%,7,17,41.2%,2,2,100.0%,9.2,0,14/15,0,@ High Point,,2/17/2024
4,JJ Sciba,0,0,0,0,0,0,0,0,0,0,0,,0,0,,0,0,,0,0,,0,0,,0,@ High Point,,2/17/2024
5,Jourdan Watkins,18,0,7,7,3,3,1,0,0,6,8,75.0%,2,4,50.0%,8,12,66.7%,0,0,,16.5,0,15/21,1,@ High Point,,2/17/2024
7,Trevor Kelly,5,0,1,1,0,3,0,0,0,1,2,50.0%,1,7,14.3%,2,9,22.2%,0,0,,-1.4,0,16/16,0,@ High Point,,2/17/2024
8,Sos Igbnigie,11,0,7,7,0,2,5,1,0,3,5,60.0%,1,3,33.3%,4,8,50.0%,2,2,100.0%,10.8,0,18/18,0,@ High Point,,2/17/2024
11,Tyler Druskis,2,1,0,1,0,0,0,0,0,1,1,100.0%,0,0,,1,1,100.0%,0,0,,2.4,0,1/1,0,@ High Point,,2/17/2024
12,Tevin Jessup,0,1,0,1,1,2,0,0,0,0,1,0.0%,0,1,0.0%,0,2,0.0%,0,0,,-0.8,0,4/5,0,@ High Point,,2/17/2024
13,Zach Friday,2,1,2,3,0,1,2,2,1,1,1,100.0%,0,0,,1,1,100.0%,0,0,,3,0,12/13,0,@ High Point,,2/17/2024
20,Caleb Tillis,2,0,4,4,0,2,0,0,0,1,1,100.0%,0,0,,1,1,100.0%,0,0,,2.1,0,4/8,0,@ High Point,,2/17/2024
21,Meelad Doroodchi,2,0,4,4,0,2,3,0,0,1,3,33.3%,0,2,0.0%,1,5,20.0%,0,0,,1.4,0,8/10,1,@ High Point,,2/17/2024
30,Cole Strand,0,0,1,1,0,1,0,0,0,0,0,,0,0,,0,0,,0,0,,-0.1,0,1/1,0,@ High Point,,2/17/2024
34,Max Reid,2,1,1,2,0,0,0,0,0,1,2,50.0%,0,0,,1,2,50.0%,0,0,,2,0,1/1,0,@ High Point,,2/17/2024
35,CHARLOTTE,82,12,35,47,5,22,13,8,4,26,51,51.0%,8,22,36.4%,34,73,46.6%,6,9,66.7%,0,10,118/135 = 87%,5,@ High Point,82,2/17/2024
36,Opponent,65,15,28,43,6,11,1,5,6,13,34,38.20%,5,31,16.10%,18,65,27.70%,24,34,70.60%,,,,,@ High Point,65,2/17/2024
#,Name,PTS,OREB,DREB,TOTAL REB,BLK,FOUL,AST,TOV,STL,2FG MADE,2FG ATT,2FG %,3FG MADE,3FG ATT,3FG %,TFG MADE,TFG ATT,TFG %,FT MADE,FT ATT,FT %,G-SCORE,O-REB ALLOW,TAP-OUT,HUSTLE PLAYS,VERSUS,FINAL,DATE
0,Tre Clemons,25,4,3,7,0,1,1,2,0,9,14,64.3%,0,2,0.0%,9,16,56.3%,7,10,70.0%,18.2,0,11/11,2,High Point (Regionals),,4/6/2024
1,Anthony Franchi,2,1,1,2,0,3,5,0,4,0,4,0.0%,0,1,0.0%,0,5,0.0%,2,4,50.0%,5,0,16/17,2,High Point (Regionals),,4/6/2024
2,Drew Moore,0,0,0,0,0,0,0,0,0,0,0,,0,0,,0,0,,0,0,,0,0,,0,High Point (Regionals),,4/6/2024
3,Trian Barnes,9,1,4,5,0,2,1,2,1,2,3,66.7%,1,5,20.0%,3,8,37.5%,2,2,100.0%,5.4,0,8/11,1,High Point (Regionals),,4/6/2024
4,JJ Sciba,0,0,0,0,0,0,0,0,0,0,0,,0,0,,0,0,,0,0,,0,0,,0,High Point (Regionals),,4/6/2024
5,Jourdan Watkins,12,3,6,9,0,3,0,0,1,4,7,57.1%,0,0,,4,7,57.1%,4,8,50.0%,10.8,0,8/12,1,High Point (Regionals),,4/6/2024
7,Trevor Kelly,11,1,9,10,0,2,1,1,0,1,2,50.0%,3,6,50.0%,4,8,50.0%,0,1,0.0%,8.9,0,10/11,0,High Point (Regionals),,4/6/2024
8,Sos Igbnigie,4,0,4,4,1,2,0,1,1,0,1,0.0%,1,4,25.0%,1,5,20.0%,1,4,25.0%,0.8,0,12/12,1,High Point (Regionals),,4/6/2024
11,Tyler Druskis,0,0,0,0,0,0,0,0,0,0,0,,0,0,,0,0,,0,0,,0,0,,0,High Point (Regionals),,4/6/2024
12,Tevin Jessup,2,0,0,0,0,1,0,1,0,1,1,100.0%,0,0,,1,1,100.0%,0,0,,0.3,0,3/3,0,High Point (Regionals),,4/6/2024
13,Zach Friday,5,0,1,1,0,0,0,2,0,2,4,50.0%,0,0,,2,4,50.0%,1,2,50.0%,0.9,0,7/7,2,High Point (Regionals),,4/6/2024
20,Caleb Tillis,8,3,0,3,0,1,0,0,1,2,4,50.0%,0,0,,2,4,50.0%,4,7,57.1%,7.5,0,6/7,0,High Point (Regionals),,4/6/2024
21,Meelad Doroodchi,0,0,6,6,0,2,4,1,0,0,0,,0,1,0.0%,0,1,0.0%,0,0,,2.1,0,5/11,0,High Point (Regionals),,4/6/2024
33,Cole Strand,0,0,0,0,0,0,0,0,0,0,0,,0,0,,0,0,,0,0,,0,0,,0,High Point (Regionals),,4/6/2024
34,Max Reid,0,0,0,0,0,0,0,0,0,0,0,,0,0,,0,0,,0,0,,0,0,,0,High Point (Regionals),,4/6/2024
35,CHARLOTTE,78,13,35,48,1,17,12,11,8,21,40,52.5%,5,19,26.3%,26,59,44.1%,21,38,55.3%,0,7,86/104 = 82.7%,9,High Point (Regionals),78,4/6/2024
36,Opponent,71,7,28,35,2,24,8,8,9,13,31,41.90%,11,32,34.40%,24,63,38.10%,12,17,70.60%,,,,,High Point (Regionals),71,4/6/2024
#,Name,PTS,OREB,DREB,TOTAL REB,BLK,FOUL,AST,TOV,STL,2FG MADE,2FG ATT,2FG %,3FG MADE,3FG ATT,3FG %,TFG MADE,TFG ATT,TFG %,FT MADE,FT ATT,FT %,G-SCORE,O-REB ALLOW,TAP-OUT,HUSTLE PLAYS,VERSUS,FINAL,DATE
0,Tre Clemons,17,0,0,0,0,5,4,2,1,6,8,75.0%,0,0,,6,8,75.0%,5,5,100.0%,13.6,0,10/14,1,Miami (Regionals),,4/6/2024
1,Anthony Franchi,2,2,0,2,0,2,0,1,1,1,7,14.3%,0,1,0.0%,1,8,12.5%,0,1,0.0%,-3,0,7/7,0,Miami (Regionals),,4/6/2024
2,Drew Moore,0,0,0,0,0,0,0,0,0,0,0,,0,0,,0,0,,0,0,,0,0,,0,Miami (Regionals),,4/6/2024
3,Trian Barnes,16,2,3,5,0,4,1,6,2,5,10,50.0%,1,5,20.0%,6,15,40.0%,3,6,50.0%,4.1,0,9/10,1,Miami (Regionals),,4/6/2024
4,JJ Sciba,0,0,0,0,0,0,0,0,0,0,0,,0,0,,0,0,,0,0,,0,0,,0,Miami (Regionals),,4/6/2024
5,Jourdan Watkins,18,2,6,8,2,3,1,0,5,7,15,46.7%,0,1,0.0%,7,16,43.8%,4,9,44.4%,16.7,0,7/9,2,Miami (Regionals),,4/6/2024
7,Trevor Kelly,0,0,0,0,0,1,0,1,1,0,0,,0,4,0.0%,0,4,0.0%,0,0,,-3.2,0,5/6,0,Miami (Regionals),,4/6/2024
8,Sos Igbnigie,4,0,3,3,0,1,3,1,0,2,3,66.7%,0,2,0.0%,2,5,40.0%,0,0,,2.9,0,11/11,0,Miami (Regionals),,4/6/2024
11,Tyler Druskis,0,0,0,0,0,0,0,0,0,0,0,,0,0,,0,0,,0,0,,0,0,,0,Miami (Regionals),,4/6/2024
12,Tevin Jessup,0,0,1,1,0,0,0,0,0,0,0,,0,0,,0,0,,0,0,,0.3,0,,0,Miami (Regionals),,4/6/2024
13,Zach Friday,5,0,2,2,0,0,0,2,0,1,2,50.0%,1,2,50.0%,2,4,50.0%,0,0,,1.6,0,5/5,1,Miami (Regionals),,4/6/2024
20,Caleb Tillis,2,2,3,5,1,1,0,1,0,1,2,50.0%,0,0,,1,2,50.0%,0,2,0.0%,1.8,0,3/7,0,Miami (Regionals),,4/6/2024
21,Meelad Doroodchi,1,0,3,3,0,2,0,1,1,,2,0.0%,0,0,,0,2,0.0%,1,2,50.0%,-0.7,0,3/8,0,Miami (Regionals),,4/6/2024
33,Cole Strand,0,0,0,0,0,0,0,0,0,0,0,,0,0,,0,0,,0,0,,0,0,,0,Miami (Regionals),,4/6/2024
34,Max Reid,0,0,0,0,0,0,0,0,0,0,0,,0,0,,0,0,,,,,0,0,,0,Miami (Regionals),,4/6/2024
35,CHARLOTTE,65,16,23,39,3,20,9,15,11,23,49,,2,15,,25,64,,13,25,,0,6,60/77 = 78%,5,Miami (Regionals),65,4/6/2024
36,Opponent,78,7,27,34,8,14,11,15,10,22,35,62.90%,5,20,25.00%,27,55,49.10%,19,34,55.90%,,,,,Miami (Regionals),78,4/6/2024